Level,ID,Name,ParentID,ParentName,FullPath,URL
3,1150018,무선전화기,1149729,디지털가전,가전/디지털 > 디지털가전 > 무선전화기,https://www.11st.co.kr/amazon/category?dispCtgr3No=1150018
3,1150021,인터폰/비디오폰,1149729,디지털가전,가전/디지털 > 디지털가전 > 인터폰/비디오폰,https://www.11st.co.kr/amazon/category?dispCtgr3No=1150021
3,1150025,냉장고,1149730,생활가전,가전/디지털 > 생활가전 > 냉장고,https://www.11st.co.kr/amazon/category?dispCtgr3No=1150025
3,1150026,세탁기/건조기,1149730,생활가전,가전/디지털 > 생활가전 > 세탁기/건조기,https://www.11st.co.kr/amazon/category?dispCtgr3No=1150026
3,1150029,빔/스크린,1149727,영상가전,가전/디지털 > 영상가전 > 빔/스크린,https://www.11st.co.kr/amazon/category?dispCtgr3No=1150029
3,1153982,보이스리코더,1149728,음향가전,가전/디지털 > 음향가전 > 보이스리코더,https://www.11st.co.kr/amazon/category?dispCtgr3No=1153982
3,1167840,가습기 액세서리,1149732,계절가전,가전/디지털 > 계절가전 > 가습기 액세서리,https://www.11st.co.kr/amazon/category?dispCtgr3No=1167840
3,1150014,가습기,1149732,계절가전,가전/디지털 > 계절가전 > 가습기,https://www.11st.co.kr/amazon/category?dispCtgr3No=1150014
3,1150007,에어컨,1149732,계절가전,가전/디지털 > 계절가전 > 에어컨,https://www.11st.co.kr/amazon/category?dispCtgr3No=1150007
3,1150015,제습기,1149732,계절가전,가전/디지털 > 계절가전 > 제습기,https://www.11st.co.kr/amazon/category?dispCtgr3No=1150015
3,1150003,욕실 난방기,1149732,계절가전,가전/디지털 > 계절가전 > 욕실 난방기,https://www.11st.co.kr/amazon/category?dispCtgr3No=1150003
3,1150013,모기/해충 퇴치기,1149732,계절가전,가전/디지털 > 계절가전 > 모기/해충 퇴치기,https://www.11st.co.kr/amazon/category?dispCtgr3No=1150013
3,1149998,라디에이터,1149732,계절가전,가전/디지털 > 계절가전 > 라디에이터,https://www.11st.co.kr/amazon/category?dispCtgr3No=1149998
3,1150005,전기요,1149732,계절가전,가전/디지털 > 계절가전 > 전기요,https://www.11st.co.kr/amazon/category?dispCtgr3No=1150005
3,1150054,스마트 체중계,1149734,스마트기기,가전/디지털 > 스마트기기 > 스마트 체중계,https://www.11st.co.kr/amazon/category?dispCtgr3No=1150054
3,1149994,건강 보조 기기,1149731,건강가전,가전/디지털 > 건강가전 > 건강 보조 기기,https://www.11st.co.kr/amazon/category?dispCtgr3No=1149994
3,1150375,노트북 액세서리,1149740,컴퓨터용품,컴퓨터 > 컴퓨터용품 > 노트북 액세서리,https://www.11st.co.kr/amazon/category?dispCtgr3No=1150375
3,1150384,PC 관리용품,1149740,컴퓨터용품,컴퓨터 > 컴퓨터용품 > PC 관리용품,https://www.11st.co.kr/amazon/category?dispCtgr3No=1150384
3,1150383,CPU,1149740,컴퓨터용품,컴퓨터 > 컴퓨터용품 > CPU,https://www.11st.co.kr/amazon/category?dispCtgr3No=1150383
3,1150386,PC 액세서리,1149740,컴퓨터용품,컴퓨터 > 컴퓨터용품 > PC 액세서리,https://www.11st.co.kr/amazon/category?dispCtgr3No=1150386
3,1150382,쿨러,1149740,컴퓨터용품,컴퓨터 > 컴퓨터용품 > 쿨러,https://www.11st.co.kr/amazon/category?dispCtgr3No=1150382
3,1150388,PC 케이스,1149740,컴퓨터용품,컴퓨터 > 컴퓨터용품 > PC 케이스,https://www.11st.co.kr/amazon/category?dispCtgr3No=1150388
3,1150390,PC 확장카드,1149740,컴퓨터용품,컴퓨터 > 컴퓨터용품 > PC 확장카드,https://www.11st.co.kr/amazon/category?dispCtgr3No=1150390
3,1150374,노트북 받침대,1149740,컴퓨터용품,컴퓨터 > 컴퓨터용품 > 노트북 받침대,https://www.11st.co.kr/amazon/category?dispCtgr3No=1150374
3,1150385,PC 변환젠더,1149740,컴퓨터용품,컴퓨터 > 컴퓨터용품 > PC 변환젠더,https://www.11st.co.kr/amazon/category?dispCtgr3No=1150385
3,1150379,영상편집보드,1149740,컴퓨터용품,컴퓨터 > 컴퓨터용품 > 영상편집보드,https://www.11st.co.kr/amazon/category?dispCtgr3No=1150379
3,1150389,PC 파워,1149740,컴퓨터용품,컴퓨터 > 컴퓨터용품 > PC 파워,https://www.11st.co.kr/amazon/category?dispCtgr3No=1150389
3,1150378,소프트웨어,1149740,컴퓨터용품,컴퓨터 > 컴퓨터용품 > 소프트웨어,https://www.11st.co.kr/amazon/category?dispCtgr3No=1150378
3,1150400,마우스 주변기기,1149742,컴퓨터주변기기,컴퓨터 > 컴퓨터주변기기 > 마우스 주변기기,https://www.11st.co.kr/amazon/category?dispCtgr3No=1150400
3,1150399,마우스/키보드 세트,1149742,컴퓨터주변기기,컴퓨터 > 컴퓨터주변기기 > 마우스/키보드 세트,https://www.11st.co.kr/amazon/category?dispCtgr3No=1150399
3,1150428,네트워크 장비,1149742,컴퓨터주변기기,컴퓨터 > 컴퓨터주변기기 > 네트워크 장비,https://www.11st.co.kr/amazon/category?dispCtgr3No=1150428
3,1150423,CCTV/감시카메라,1149742,컴퓨터주변기기,컴퓨터 > 컴퓨터주변기기 > CCTV/감시카메라,https://www.11st.co.kr/amazon/category?dispCtgr3No=1150423
3,1150412,스캐너,1149742,컴퓨터주변기기,컴퓨터 > 컴퓨터주변기기 > 스캐너,https://www.11st.co.kr/amazon/category?dispCtgr3No=1150412
3,1150401,키보드,1149742,컴퓨터주변기기,컴퓨터 > 컴퓨터주변기기 > 키보드,https://www.11st.co.kr/amazon/category?dispCtgr3No=1150401
3,1150398,마우스,1149742,컴퓨터주변기기,컴퓨터 > 컴퓨터주변기기 > 마우스,https://www.11st.co.kr/amazon/category?dispCtgr3No=1150398
3,1150426,USB 허브,1149742,컴퓨터주변기기,컴퓨터 > 컴퓨터주변기기 > USB 허브,https://www.11st.co.kr/amazon/category?dispCtgr3No=1150426
3,1150405,젠더,1149742,컴퓨터주변기기,컴퓨터 > 컴퓨터주변기기 > 젠더,https://www.11st.co.kr/amazon/category?dispCtgr3No=1150405
3,1150424,CCTV 주변기기,1149742,컴퓨터주변기기,컴퓨터 > 컴퓨터주변기기 > CCTV 주변기기,https://www.11st.co.kr/amazon/category?dispCtgr3No=1150424
3,1150425,PC 스피커,1149742,컴퓨터주변기기,컴퓨터 > 컴퓨터주변기기 > PC 스피커,https://www.11st.co.kr/amazon/category?dispCtgr3No=1150425
3,1150411,스위칭 허브,1149742,컴퓨터주변기기,컴퓨터 > 컴퓨터주변기기 > 스위칭 허브,https://www.11st.co.kr/amazon/category?dispCtgr3No=1150411
3,1150422,화상카메라,1149742,컴퓨터주변기기,컴퓨터 > 컴퓨터주변기기 > 화상카메라,https://www.11st.co.kr/amazon/category?dispCtgr3No=1150422
3,1150427,공유기,1149742,컴퓨터주변기기,컴퓨터 > 컴퓨터주변기기 > 공유기,https://www.11st.co.kr/amazon/category?dispCtgr3No=1150427
3,1150413,유무선 공유기,1149742,컴퓨터주변기기,컴퓨터 > 컴퓨터주변기기 > 유무선 공유기,https://www.11st.co.kr/amazon/category?dispCtgr3No=1150413
3,1150394,네트워크 카메라,1149742,컴퓨터주변기기,컴퓨터 > 컴퓨터주변기기 > 네트워크 카메라,https://www.11st.co.kr/amazon/category?dispCtgr3No=1150394
3,1150421,소프트웨어,1149742,컴퓨터주변기기,컴퓨터 > 컴퓨터주변기기 > 소프트웨어,https://www.11st.co.kr/amazon/category?dispCtgr3No=1150421
3,1150395,랜카드,1149742,컴퓨터주변기기,컴퓨터 > 컴퓨터주변기기 > 랜카드,https://www.11st.co.kr/amazon/category?dispCtgr3No=1150395
3,1150348,태블릿 케이스/보호필름,1149735,태블릿 액세서리,컴퓨터 > 태블릿 액세서리 > 태블릿 케이스/보호필름,https://www.11st.co.kr/amazon/category?dispCtgr3No=1150348
3,1150418,프린터 기타기기,1149743,프린터/복합기,컴퓨터 > 프린터/복합기 > 프린터 기타기기,https://www.11st.co.kr/amazon/category?dispCtgr3No=1150418
3,1150416,3D프린터,1149743,프린터/복합기,컴퓨터 > 프린터/복합기 > 3D프린터,https://www.11st.co.kr/amazon/category?dispCtgr3No=1150416
3,1150417,레이저 프린터,1149743,프린터/복합기,컴퓨터 > 프린터/복합기 > 레이저 프린터,https://www.11st.co.kr/amazon/category?dispCtgr3No=1150417
3,1150415,잉크젯 프린터,1149743,프린터/복합기,컴퓨터 > 프린터/복합기 > 잉크젯 프린터,https://www.11st.co.kr/amazon/category?dispCtgr3No=1150415
3,1150414,잉크젯 복합기,1149743,프린터/복합기,컴퓨터 > 프린터/복합기 > 잉크젯 복합기,https://www.11st.co.kr/amazon/category?dispCtgr3No=1150414
3,1150357,USB 메모리,1149736,저장기기,컴퓨터 > 저장기기 > USB 메모리,https://www.11st.co.kr/amazon/category?dispCtgr3No=1150357
3,1150350,메모리카드,1149736,저장기기,컴퓨터 > 저장기기 > 메모리카드,https://www.11st.co.kr/amazon/category?dispCtgr3No=1150350
3,1150352,외장하드,1149736,저장기기,컴퓨터 > 저장기기 > 외장하드,https://www.11st.co.kr/amazon/category?dispCtgr3No=1150352
3,1150356,ODD/공디스크,1149736,저장기기,컴퓨터 > 저장기기 > ODD/공디스크,https://www.11st.co.kr/amazon/category?dispCtgr3No=1150356
3,1150351,메모리카드리더기,1149736,저장기기,컴퓨터 > 저장기기 > 메모리카드리더기,https://www.11st.co.kr/amazon/category?dispCtgr3No=1150351
3,1150353,외장하드 주변기기,1149736,저장기기,컴퓨터 > 저장기기 > 외장하드 주변기기,https://www.11st.co.kr/amazon/category?dispCtgr3No=1150353
3,1150354,HDD,1149736,저장기기,컴퓨터 > 저장기기 > HDD,https://www.11st.co.kr/amazon/category?dispCtgr3No=1150354
3,1211917,SSD,1149736,저장기기,컴퓨터 > 저장기기 > SSD,https://www.11st.co.kr/amazon/category?dispCtgr3No=1211917
3,1150349,기타 저장기기,1149736,저장기기,컴퓨터 > 저장기기 > 기타 저장기기,https://www.11st.co.kr/amazon/category?dispCtgr3No=1150349
3,1150355,NAS,1149736,저장기기,컴퓨터 > 저장기기 > NAS,https://www.11st.co.kr/amazon/category?dispCtgr3No=1150355
3,1150369,모니터 주변기기,1149738,모니터,컴퓨터 > 모니터 > 모니터 주변기기,https://www.11st.co.kr/amazon/category?dispCtgr3No=1150369
3,1150365,일반 모니터,1149738,모니터,컴퓨터 > 모니터 > 일반 모니터,https://www.11st.co.kr/amazon/category?dispCtgr3No=1150365
3,1150368,대형/상업용 모니터,1149738,모니터,컴퓨터 > 모니터 > 대형/상업용 모니터,https://www.11st.co.kr/amazon/category?dispCtgr3No=1150368
3,1150367,게이밍 모니터,1149738,모니터,컴퓨터 > 모니터 > 게이밍 모니터,https://www.11st.co.kr/amazon/category?dispCtgr3No=1150367
3,1150358,노트북,1149737,노트북/PC,컴퓨터 > 노트북/PC > 노트북,https://www.11st.co.kr/amazon/category?dispCtgr3No=1150358
3,1150364,태블릿 PC,1149737,노트북/PC,컴퓨터 > 노트북/PC > 태블릿 PC,https://www.11st.co.kr/amazon/category?dispCtgr3No=1150364
3,1150360,브랜드  PC,1149737,노트북/PC,컴퓨터 > 노트북/PC > 브랜드  PC,https://www.11st.co.kr/amazon/category?dispCtgr3No=1150360
3,1150359,미니  PC,1149737,노트북/PC,컴퓨터 > 노트북/PC > 미니  PC,https://www.11st.co.kr/amazon/category?dispCtgr3No=1150359
3,1150361,일체형  PC,1149737,노트북/PC,컴퓨터 > 노트북/PC > 일체형  PC,https://www.11st.co.kr/amazon/category?dispCtgr3No=1150361
3,1150362,조립  PC,1149737,노트북/PC,컴퓨터 > 노트북/PC > 조립  PC,https://www.11st.co.kr/amazon/category?dispCtgr3No=1150362
3,1150363,서버/워크스테이션,1149737,노트북/PC,컴퓨터 > 노트북/PC > 서버/워크스테이션,https://www.11st.co.kr/amazon/category?dispCtgr3No=1150363
3,1150370,그래픽카드,1149739,컴퓨터부품,컴퓨터 > 컴퓨터부품 > 그래픽카드,https://www.11st.co.kr/amazon/category?dispCtgr3No=1150370
3,1150372,메인보드,1149739,컴퓨터부품,컴퓨터 > 컴퓨터부품 > 메인보드,https://www.11st.co.kr/amazon/category?dispCtgr3No=1150372
3,1150371,램(RAM),1149739,컴퓨터부품,컴퓨터 > 컴퓨터부품 > 램(RAM),https://www.11st.co.kr/amazon/category?dispCtgr3No=1150371
3,1150827,의료용품,1149744,의료위생/보조용품,식품/건강 > 의료위생/보조용품 > 의료용품,https://www.11st.co.kr/amazon/category?dispCtgr3No=1150827
3,1150830,이동 보호장비,1149744,의료위생/보조용품,식품/건강 > 의료위생/보조용품 > 이동 보호장비,https://www.11st.co.kr/amazon/category?dispCtgr3No=1150830
3,1150835,응급 처치 용품,1149744,의료위생/보조용품,식품/건강 > 의료위생/보조용품 > 응급 처치 용품,https://www.11st.co.kr/amazon/category?dispCtgr3No=1150835
3,1150836,눈 건강 용품,1149744,의료위생/보조용품,식품/건강 > 의료위생/보조용품 > 눈 건강 용품,https://www.11st.co.kr/amazon/category?dispCtgr3No=1150836
3,1150829,발 관리,1149744,의료위생/보조용품,식품/건강 > 의료위생/보조용품 > 발 관리,https://www.11st.co.kr/amazon/category?dispCtgr3No=1150829
3,1150843,"일상생활, 안전, 욕실",1149744,의료위생/보조용품,"식품/건강 > 의료위생/보조용품 > 일상생활, 안전, 욕실",https://www.11st.co.kr/amazon/category?dispCtgr3No=1150843
3,1150842,건강관리 용품,1149744,의료위생/보조용품,식품/건강 > 의료위생/보조용품 > 건강관리 용품,https://www.11st.co.kr/amazon/category?dispCtgr3No=1150842
3,1167972,마스크,1149744,의료위생/보조용품,식품/건강 > 의료위생/보조용품 > 마스크,https://www.11st.co.kr/amazon/category?dispCtgr3No=1167972
3,1150828,기저귀,1149744,의료위생/보조용품,식품/건강 > 의료위생/보조용품 > 기저귀,https://www.11st.co.kr/amazon/category?dispCtgr3No=1150828
3,1149769,관절 보호대,1149744,의료위생/보조용품,식품/건강 > 의료위생/보조용품 > 관절 보호대,https://www.11st.co.kr/amazon/category?dispCtgr3No=1149769
3,1150841,혈당 관리 용품,1149744,의료위생/보조용품,식품/건강 > 의료위생/보조용품 > 혈당 관리 용품,https://www.11st.co.kr/amazon/category?dispCtgr3No=1150841
3,1150939,마사지 테이블 및 액세서리,1149744,의료위생/보조용품,식품/건강 > 의료위생/보조용품 > 마사지 테이블 및 액세서리,https://www.11st.co.kr/amazon/category?dispCtgr3No=1150939
3,1150840,저울,1149744,의료위생/보조용품,식품/건강 > 의료위생/보조용품 > 저울,https://www.11st.co.kr/amazon/category?dispCtgr3No=1150840
3,1150831,성인 기저귀,1149744,의료위생/보조용품,식품/건강 > 의료위생/보조용품 > 성인 기저귀,https://www.11st.co.kr/amazon/category?dispCtgr3No=1150831
3,1150934,난방/냉각 패드,1149744,의료위생/보조용품,식품/건강 > 의료위생/보조용품 > 난방/냉각 패드,https://www.11st.co.kr/amazon/category?dispCtgr3No=1150934
3,1150833,사무 용품,1149744,의료위생/보조용품,식품/건강 > 의료위생/보조용품 > 사무 용품,https://www.11st.co.kr/amazon/category?dispCtgr3No=1150833
3,1150826,보호대,1149744,의료위생/보조용품,식품/건강 > 의료위생/보조용품 > 보호대,https://www.11st.co.kr/amazon/category?dispCtgr3No=1150826
3,1150844,찜질 패드,1149744,의료위생/보조용품,식품/건강 > 의료위생/보조용품 > 찜질 패드,https://www.11st.co.kr/amazon/category?dispCtgr3No=1150844
3,1150992,빵/베이커리,1149752,스낵/간식,식품/건강 > 스낵/간식 > 빵/베이커리,https://www.11st.co.kr/amazon/category?dispCtgr3No=1150992
3,1150995,초콜릿/사탕/젤리/껌,1149752,스낵/간식,식품/건강 > 스낵/간식 > 초콜릿/사탕/젤리/껌,https://www.11st.co.kr/amazon/category?dispCtgr3No=1150995
3,1150993,스낵/시리얼,1149752,스낵/간식,식품/건강 > 스낵/간식 > 스낵/시리얼,https://www.11st.co.kr/amazon/category?dispCtgr3No=1150993
3,1150942,비타민/미네랄,1149745,건강식품,식품/건강 > 건강식품 > 비타민/미네랄,https://www.11st.co.kr/amazon/category?dispCtgr3No=1150942
3,1150976,허브/자연추출물,1149745,건강식품,식품/건강 > 건강식품 > 허브/자연추출물,https://www.11st.co.kr/amazon/category?dispCtgr3No=1150976
3,1150943,영양제,1149745,건강식품,식품/건강 > 건강식품 > 영양제,https://www.11st.co.kr/amazon/category?dispCtgr3No=1150943
3,1150944,헬스보충식품,1149745,건강식품,식품/건강 > 건강식품 > 헬스보충식품,https://www.11st.co.kr/amazon/category?dispCtgr3No=1150944
3,1150977,다이어트식품,1149745,건강식품,식품/건강 > 건강식품 > 다이어트식품,https://www.11st.co.kr/amazon/category?dispCtgr3No=1150977
3,1208535,어린이용 영양제,1149745,건강식품,식품/건강 > 건강식품 > 어린이용 영양제,https://www.11st.co.kr/amazon/category?dispCtgr3No=1208535
3,1150991,음료,1149751,생수/음료,식품/건강 > 생수/음료 > 음료,https://www.11st.co.kr/amazon/category?dispCtgr3No=1150991
3,1150990,생수/탄산수,1149751,생수/음료,식품/건강 > 생수/음료 > 생수/탄산수,https://www.11st.co.kr/amazon/category?dispCtgr3No=1150990
3,1154023,기타 제품,1154022,기타 식품/건강,식품/건강 > 기타 식품/건강 > 기타 제품,https://www.11st.co.kr/amazon/category?dispCtgr3No=1154023
3,1150987,설탕/소금/조미료,1149749,가루/조미료/향신료,식품/건강 > 가루/조미료/향신료 > 설탕/소금/조미료,https://www.11st.co.kr/amazon/category?dispCtgr3No=1150987
3,1150986,가루,1149749,가루/조미료/향신료,식품/건강 > 가루/조미료/향신료 > 가루,https://www.11st.co.kr/amazon/category?dispCtgr3No=1150986
3,1150983,잼/꿀/시럽,1149748,가공/즉석식품,식품/건강 > 가공/즉석식품 > 잼/꿀/시럽,https://www.11st.co.kr/amazon/category?dispCtgr3No=1150983
3,1150985,통조림류,1149748,가공/즉석식품,식품/건강 > 가공/즉석식품 > 통조림류,https://www.11st.co.kr/amazon/category?dispCtgr3No=1150985
3,1150982,면류,1149748,가공/즉석식품,식품/건강 > 가공/즉석식품 > 면류,https://www.11st.co.kr/amazon/category?dispCtgr3No=1150982
3,1150984,즉석밥/간편조리,1149748,가공/즉석식품,식품/건강 > 가공/즉석식품 > 즉석밥/간편조리,https://www.11st.co.kr/amazon/category?dispCtgr3No=1150984
3,1163129,소스,1149754,장/오일/소스,식품/건강 > 장/오일/소스 > 소스,https://www.11st.co.kr/amazon/category?dispCtgr3No=1163129
3,1150999,오일,1149754,장/오일/소스,식품/건강 > 장/오일/소스 > 오일,https://www.11st.co.kr/amazon/category?dispCtgr3No=1150999
3,1163130,드레싱,1149754,장/오일/소스,식품/건강 > 장/오일/소스 > 드레싱,https://www.11st.co.kr/amazon/category?dispCtgr3No=1163130
3,1151000,티,1149755,커피/차,식품/건강 > 커피/차 > 티,https://www.11st.co.kr/amazon/category?dispCtgr3No=1151000
3,1163127,커피,1149755,커피/차,식품/건강 > 커피/차 > 커피,https://www.11st.co.kr/amazon/category?dispCtgr3No=1163127
3,1150981,이유/영유아식,1149747,영유아식품,식품/건강 > 영유아식품 > 이유/영유아식,https://www.11st.co.kr/amazon/category?dispCtgr3No=1150981
3,1150980,영유아 음료,1149747,영유아식품,식품/건강 > 영유아식품 > 영유아 음료,https://www.11st.co.kr/amazon/category?dispCtgr3No=1150980
3,1150979,영유아 간식,1149747,영유아식품,식품/건강 > 영유아식품 > 영유아 간식,https://www.11st.co.kr/amazon/category?dispCtgr3No=1150979
3,1211987,분유,1149747,영유아식품,식품/건강 > 영유아식품 > 분유,https://www.11st.co.kr/amazon/category?dispCtgr3No=1211987
3,1150978,임산부 건강식품,1149746,임산부용품,식품/건강 > 임산부용품 > 임산부 건강식품,https://www.11st.co.kr/amazon/category?dispCtgr3No=1150978
3,1150756,장식소품,1149786,인테리어용품,홈&인테리어 > 인테리어용품 > 장식소품,https://www.11st.co.kr/amazon/category?dispCtgr3No=1150756
3,1150753,액자/그림/사진,1149786,인테리어용품,홈&인테리어 > 인테리어용품 > 액자/그림/사진,https://www.11st.co.kr/amazon/category?dispCtgr3No=1150753
3,1150755,인테리어 자재,1149786,인테리어용품,홈&인테리어 > 인테리어용품 > 인테리어 자재,https://www.11st.co.kr/amazon/category?dispCtgr3No=1150755
3,1150751,시즌 소품,1149786,인테리어용품,홈&인테리어 > 인테리어용품 > 시즌 소품,https://www.11st.co.kr/amazon/category?dispCtgr3No=1150751
3,1150750,시계,1149786,인테리어용품,홈&인테리어 > 인테리어용품 > 시계,https://www.11st.co.kr/amazon/category?dispCtgr3No=1150750
3,1150748,거울,1149786,인테리어용품,홈&인테리어 > 인테리어용품 > 거울,https://www.11st.co.kr/amazon/category?dispCtgr3No=1150748
3,1153903,환기/팬,1149786,인테리어용품,홈&인테리어 > 인테리어용품 > 환기/팬,https://www.11st.co.kr/amazon/category?dispCtgr3No=1153903
3,1229210,강아지용품,1229198,반려동물,홈&인테리어 > 반려동물 > 강아지용품,https://www.11st.co.kr/amazon/category?dispCtgr3No=1229210
3,1229213,소동물용품,1229198,반려동물,홈&인테리어 > 반려동물 > 소동물용품,https://www.11st.co.kr/amazon/category?dispCtgr3No=1229213
3,1229211,고양이용품,1229198,반려동물,홈&인테리어 > 반려동물 > 고양이용품,https://www.11st.co.kr/amazon/category?dispCtgr3No=1229211
3,1229212,기타 반려동물용품,1229198,반려동물,홈&인테리어 > 반려동물 > 기타 반려동물용품,https://www.11st.co.kr/amazon/category?dispCtgr3No=1229212
3,1229199,가축사료/용품,1229198,반려동물,홈&인테리어 > 반려동물 > 가축사료/용품,https://www.11st.co.kr/amazon/category?dispCtgr3No=1229199
3,1150793,야외 생활,1149817,가든용품,홈&인테리어 > 가든용품 > 야외 생활,https://www.11st.co.kr/amazon/category?dispCtgr3No=1150793
3,1150794,야외 전원,1149817,가든용품,홈&인테리어 > 가든용품 > 야외 전원,https://www.11st.co.kr/amazon/category?dispCtgr3No=1150794
3,1150789,원예,1149817,가든용품,홈&인테리어 > 가든용품 > 원예,https://www.11st.co.kr/amazon/category?dispCtgr3No=1150789
3,1150788,농업,1149817,가든용품,홈&인테리어 > 가든용품 > 농업,https://www.11st.co.kr/amazon/category?dispCtgr3No=1150788
3,1150792,야외 가구,1149817,가든용품,홈&인테리어 > 가든용품 > 야외 가구,https://www.11st.co.kr/amazon/category?dispCtgr3No=1150792
3,1150795,수영장 및 스파 공급,1149817,가든용품,홈&인테리어 > 가든용품 > 수영장 및 스파 공급,https://www.11st.co.kr/amazon/category?dispCtgr3No=1150795
3,1150791,그릴,1149817,가든용품,홈&인테리어 > 가든용품 > 그릴,https://www.11st.co.kr/amazon/category?dispCtgr3No=1150791
3,1150796,제설,1149817,가든용품,홈&인테리어 > 가든용품 > 제설,https://www.11st.co.kr/amazon/category?dispCtgr3No=1150796
3,1150797,나무 재질,1149817,가든용품,홈&인테리어 > 가든용품 > 나무 재질,https://www.11st.co.kr/amazon/category?dispCtgr3No=1150797
3,1150768,수예소품,1149790,쿠션/방석/수예,홈&인테리어 > 쿠션/방석/수예 > 수예소품,https://www.11st.co.kr/amazon/category?dispCtgr3No=1150768
3,1150769,쿠션/방석,1149790,쿠션/방석/수예,홈&인테리어 > 쿠션/방석/수예 > 쿠션/방석,https://www.11st.co.kr/amazon/category?dispCtgr3No=1150769
3,1150760,베개,1149787,침구,홈&인테리어 > 침구 > 베개,https://www.11st.co.kr/amazon/category?dispCtgr3No=1150760
3,1150761,이불/요,1149787,침구,홈&인테리어 > 침구 > 이불/요,https://www.11st.co.kr/amazon/category?dispCtgr3No=1150761
3,1151108,침구 세트,1149787,침구,홈&인테리어 > 침구 > 침구 세트,https://www.11st.co.kr/amazon/category?dispCtgr3No=1151108
3,1150734,욕실 용품,1149792,청소/세탁/욕실용품,홈&인테리어 > 청소/세탁/욕실용품 > 욕실 용품,https://www.11st.co.kr/amazon/category?dispCtgr3No=1150734
3,1150735,청소 용품,1149792,청소/세탁/욕실용품,홈&인테리어 > 청소/세탁/욕실용품 > 청소 용품,https://www.11st.co.kr/amazon/category?dispCtgr3No=1150735
3,1150732,수건/타월,1149792,청소/세탁/욕실용품,홈&인테리어 > 청소/세탁/욕실용품 > 수건/타월,https://www.11st.co.kr/amazon/category?dispCtgr3No=1150732
3,1150731,세탁/건조 용품,1149792,청소/세탁/욕실용품,홈&인테리어 > 청소/세탁/욕실용품 > 세탁/건조 용품,https://www.11st.co.kr/amazon/category?dispCtgr3No=1150731
3,1150918,면도 용품,1149777,구강/면도용품,홈&인테리어 > 구강/면도용품 > 면도 용품,https://www.11st.co.kr/amazon/category?dispCtgr3No=1150918
3,1150917,구강 보조 용품,1149777,구강/면도용품,홈&인테리어 > 구강/면도용품 > 구강 보조 용품,https://www.11st.co.kr/amazon/category?dispCtgr3No=1150917
3,1150919,구강 용품,1149777,구강/면도용품,홈&인테리어 > 구강/면도용품 > 구강 용품,https://www.11st.co.kr/amazon/category?dispCtgr3No=1150919
3,1150741,수납 가구,1149785,가구/홈인테리어,홈&인테리어 > 가구/홈인테리어 > 수납 가구,https://www.11st.co.kr/amazon/category?dispCtgr3No=1150741
3,1150747,학생/사무용 가구,1149785,가구/홈인테리어,홈&인테리어 > 가구/홈인테리어 > 학생/사무용 가구,https://www.11st.co.kr/amazon/category?dispCtgr3No=1150747
3,1150739,거실 가구,1149785,가구/홈인테리어,홈&인테리어 > 가구/홈인테리어 > 거실 가구,https://www.11st.co.kr/amazon/category?dispCtgr3No=1150739
3,1150745,침대/매트리스,1149785,가구/홈인테리어,홈&인테리어 > 가구/홈인테리어 > 침대/매트리스,https://www.11st.co.kr/amazon/category?dispCtgr3No=1150745
3,1150742,야외 가구,1149785,가구/홈인테리어,홈&인테리어 > 가구/홈인테리어 > 야외 가구,https://www.11st.co.kr/amazon/category?dispCtgr3No=1150742
3,1150744,주방 가구,1149785,가구/홈인테리어,홈&인테리어 > 가구/홈인테리어 > 주방 가구,https://www.11st.co.kr/amazon/category?dispCtgr3No=1150744
3,1150740,금고,1149785,가구/홈인테리어,홈&인테리어 > 가구/홈인테리어 > 금고,https://www.11st.co.kr/amazon/category?dispCtgr3No=1150740
3,1150746,침실 가구,1149785,가구/홈인테리어,홈&인테리어 > 가구/홈인테리어 > 침실 가구,https://www.11st.co.kr/amazon/category?dispCtgr3No=1150746
3,1154021,기타 제품,1154020,기타 홈&인테리어,홈&인테리어 > 기타 홈&인테리어 > 기타 제품,https://www.11st.co.kr/amazon/category?dispCtgr3No=1154021
3,1150767,커튼/블라인드,1149789,커튼/침장,홈&인테리어 > 커튼/침장 > 커튼/블라인드,https://www.11st.co.kr/amazon/category?dispCtgr3No=1150767
3,1150766,캐노피,1149789,커튼/침장,홈&인테리어 > 커튼/침장 > 캐노피,https://www.11st.co.kr/amazon/category?dispCtgr3No=1150766
3,1150728,옷걸이/도어훅,1149784,수납/정리잡화,홈&인테리어 > 수납/정리잡화 > 옷걸이/도어훅,https://www.11st.co.kr/amazon/category?dispCtgr3No=1150728
3,1150724,가정용품 기타,1149784,수납/정리잡화,홈&인테리어 > 수납/정리잡화 > 가정용품 기타,https://www.11st.co.kr/amazon/category?dispCtgr3No=1150724
3,1150726,수납/정리 용품,1149784,수납/정리잡화,홈&인테리어 > 수납/정리잡화 > 수납/정리 용품,https://www.11st.co.kr/amazon/category?dispCtgr3No=1150726
3,1150727,압축팩,1149784,수납/정리잡화,홈&인테리어 > 수납/정리잡화 > 압축팩,https://www.11st.co.kr/amazon/category?dispCtgr3No=1150727
3,1150725,일용잡화,1149784,수납/정리잡화,홈&인테리어 > 수납/정리잡화 > 일용잡화,https://www.11st.co.kr/amazon/category?dispCtgr3No=1150725
3,1150764,카펫/발매트,1149788,카페트/매트,홈&인테리어 > 카페트/매트 > 카펫/발매트,https://www.11st.co.kr/amazon/category?dispCtgr3No=1150764
3,1150763,매트,1149788,카페트/매트,홈&인테리어 > 카페트/매트 > 매트,https://www.11st.co.kr/amazon/category?dispCtgr3No=1150763
3,1150738,화장지/티슈,1149794,화장지/제지,홈&인테리어 > 화장지/제지 > 화장지/티슈,https://www.11st.co.kr/amazon/category?dispCtgr3No=1150738
3,1359101,일반 물티슈,1149794,화장지/제지,홈&인테리어 > 화장지/제지 > 일반 물티슈,https://www.11st.co.kr/amazon/category?dispCtgr3No=1359101
3,1359102,청소용 물티슈,1149794,화장지/제지,홈&인테리어 > 화장지/제지 > 청소용 물티슈,https://www.11st.co.kr/amazon/category?dispCtgr3No=1359102
3,1150737,여성/시니어 위생 용품,1149794,화장지/제지,홈&인테리어 > 화장지/제지 > 여성/시니어 위생 용품,https://www.11st.co.kr/amazon/category?dispCtgr3No=1150737
3,1150729,가정/생활안전 용품,1149791,안전용품,홈&인테리어 > 안전용품 > 가정/생활안전 용품,https://www.11st.co.kr/amazon/category?dispCtgr3No=1150729
3,1150730,안전사고방지 용품,1149791,안전용품,홈&인테리어 > 안전용품 > 안전사고방지 용품,https://www.11st.co.kr/amazon/category?dispCtgr3No=1150730
3,1150736,살충/방충 용품,1149793,해충퇴치용품,홈&인테리어 > 해충퇴치용품 > 살충/방충 용품,https://www.11st.co.kr/amazon/category?dispCtgr3No=1150736
3,1153871,기타 용품,1149824,일반 공구,공구용품 > 일반 공구 > 기타 용품,https://www.11st.co.kr/amazon/category?dispCtgr3No=1153871
3,1151096,건축 재료,1149820,공구/철물/DIY,공구용품 > 공구/철물/DIY > 건축 재료,https://www.11st.co.kr/amazon/category?dispCtgr3No=1151096
3,1151092,도장 재료,1149820,공구/철물/DIY,공구용품 > 공구/철물/DIY > 도장 재료,https://www.11st.co.kr/amazon/category?dispCtgr3No=1151092
3,1151089,예초기,1149772,산업 공구,공구용품 > 산업 공구 > 예초기,https://www.11st.co.kr/amazon/category?dispCtgr3No=1151089
3,1151078,흡기/배기 튜닝,1149845,차량정비용품,자동차용품 > 차량정비용품 > 흡기/배기 튜닝,https://www.11st.co.kr/amazon/category?dispCtgr3No=1151078
3,1151075,타이어 용품,1149845,차량정비용품,자동차용품 > 차량정비용품 > 타이어 용품,https://www.11st.co.kr/amazon/category?dispCtgr3No=1151075
3,1151062,공구,1149845,차량정비용품,자동차용품 > 차량정비용품 > 공구,https://www.11st.co.kr/amazon/category?dispCtgr3No=1151062
3,1151064,레이싱 용품,1149845,차량정비용품,자동차용품 > 차량정비용품 > 레이싱 용품,https://www.11st.co.kr/amazon/category?dispCtgr3No=1151064
3,1151077,휠,1149845,차량정비용품,자동차용품 > 차량정비용품 > 휠,https://www.11st.co.kr/amazon/category?dispCtgr3No=1151077
3,1151066,방음재/방음 매트,1149845,차량정비용품,자동차용품 > 차량정비용품 > 방음재/방음 매트,https://www.11st.co.kr/amazon/category?dispCtgr3No=1151066
3,1151031,자동차 액세서리,1149774,실내인테리어용품,자동차용품 > 실내인테리어용품 > 자동차 액세서리,https://www.11st.co.kr/amazon/category?dispCtgr3No=1151031
3,1151034,키 홀더/열쇠고리,1149774,실내인테리어용품,자동차용품 > 실내인테리어용품 > 키 홀더/열쇠고리,https://www.11st.co.kr/amazon/category?dispCtgr3No=1151034
3,1151027,기어 용품,1149774,실내인테리어용품,자동차용품 > 실내인테리어용품 > 기어 용품,https://www.11st.co.kr/amazon/category?dispCtgr3No=1151027
3,1151030,선팅 용품,1149774,실내인테리어용품,자동차용품 > 실내인테리어용품 > 선팅 용품,https://www.11st.co.kr/amazon/category?dispCtgr3No=1151030
3,1151035,페달/보조발판,1149774,실내인테리어용품,자동차용품 > 실내인테리어용품 > 페달/보조발판,https://www.11st.co.kr/amazon/category?dispCtgr3No=1151035
3,1151028,도어 용품,1149774,실내인테리어용품,자동차용품 > 실내인테리어용품 > 도어 용품,https://www.11st.co.kr/amazon/category?dispCtgr3No=1151028
3,1151029,시계/온도계/습도계,1149774,실내인테리어용품,자동차용품 > 실내인테리어용품 > 시계/온도계/습도계,https://www.11st.co.kr/amazon/category?dispCtgr3No=1151029
3,1151032,정전기 방지 용품,1149774,실내인테리어용품,자동차용품 > 실내인테리어용품 > 정전기 방지 용품,https://www.11st.co.kr/amazon/category?dispCtgr3No=1151032
3,1151037,햇빛 차단 용품,1149774,실내인테리어용품,자동차용품 > 실내인테리어용품 > 햇빛 차단 용품,https://www.11st.co.kr/amazon/category?dispCtgr3No=1151037
3,1151036,핸들/핸들커버,1149774,실내인테리어용품,자동차용품 > 실내인테리어용품 > 핸들/핸들커버,https://www.11st.co.kr/amazon/category?dispCtgr3No=1151036
3,1151038,몰딩/가드,1149841,실외익스테리어용품,자동차용품 > 실외익스테리어용품 > 몰딩/가드,https://www.11st.co.kr/amazon/category?dispCtgr3No=1151038
3,1151041,스티커,1149841,실외익스테리어용품,자동차용품 > 실외익스테리어용품 > 스티커,https://www.11st.co.kr/amazon/category?dispCtgr3No=1151041
3,1151040,번호판 액세서리,1149841,실외익스테리어용품,자동차용품 > 실외익스테리어용품 > 번호판 액세서리,https://www.11st.co.kr/amazon/category?dispCtgr3No=1151040
3,1151045,주유구 커버/혼유방지,1149841,실외익스테리어용품,자동차용품 > 실외익스테리어용품 > 주유구 커버/혼유방지,https://www.11st.co.kr/amazon/category?dispCtgr3No=1151045
3,1151044,와이퍼,1149841,실외익스테리어용품,자동차용품 > 실외익스테리어용품 > 와이퍼,https://www.11st.co.kr/amazon/category?dispCtgr3No=1151044
3,1151042,선바이저/선루프,1149841,실외익스테리어용품,자동차용품 > 실외익스테리어용품 > 선바이저/선루프,https://www.11st.co.kr/amazon/category?dispCtgr3No=1151042
3,1151039,미러 용품,1149841,실외익스테리어용품,자동차용품 > 실외익스테리어용품 > 미러 용품,https://www.11st.co.kr/amazon/category?dispCtgr3No=1151039
3,1151046,차량용 보디 커버,1149841,실외익스테리어용품,자동차용품 > 실외익스테리어용품 > 차량용 보디 커버,https://www.11st.co.kr/amazon/category?dispCtgr3No=1151046
3,1151043,안테나/볼,1149841,실외익스테리어용품,자동차용품 > 실외익스테리어용품 > 안테나/볼,https://www.11st.co.kr/amazon/category?dispCtgr3No=1151043
3,1151055,튜닝/부품/정비,1149843,오토바이용품,자동차용품 > 오토바이용품 > 튜닝/부품/정비,https://www.11st.co.kr/amazon/category?dispCtgr3No=1151055
3,1151054,잡화/액세서리,1149843,오토바이용품,자동차용품 > 오토바이용품 > 잡화/액세서리,https://www.11st.co.kr/amazon/category?dispCtgr3No=1151054
3,1151056,헬멧/장갑/부츠,1149843,오토바이용품,자동차용품 > 오토바이용품 > 헬멧/장갑/부츠,https://www.11st.co.kr/amazon/category?dispCtgr3No=1151056
3,1151050,보호장비,1149843,오토바이용품,자동차용품 > 오토바이용품 > 보호장비,https://www.11st.co.kr/amazon/category?dispCtgr3No=1151050
3,1151052,오토바이 의류,1149843,오토바이용품,자동차용품 > 오토바이용품 > 오토바이 의류,https://www.11st.co.kr/amazon/category?dispCtgr3No=1151052
3,1151051,오토바이/스쿠터,1149843,오토바이용품,자동차용품 > 오토바이용품 > 오토바이/스쿠터,https://www.11st.co.kr/amazon/category?dispCtgr3No=1151051
3,1151053,오토바이 전자기기,1149843,오토바이용품,자동차용품 > 오토바이용품 > 오토바이 전자기기,https://www.11st.co.kr/amazon/category?dispCtgr3No=1151053
3,1151058,스마트기기 용품,1149844,차량용전자기기,자동차용품 > 차량용전자기기 > 스마트기기 용품,https://www.11st.co.kr/amazon/category?dispCtgr3No=1151058
3,1151060,차량용 음향기기,1149844,차량용전자기기,자동차용품 > 차량용전자기기 > 차량용 음향기기,https://www.11st.co.kr/amazon/category?dispCtgr3No=1151060
3,1151059,차량 가전 용품,1149844,차량용전자기기,자동차용품 > 차량용전자기기 > 차량 가전 용품,https://www.11st.co.kr/amazon/category?dispCtgr3No=1151059
3,1151057,경보기/스마트키,1149844,차량용전자기기,자동차용품 > 차량용전자기기 > 경보기/스마트키,https://www.11st.co.kr/amazon/category?dispCtgr3No=1151057
3,1151061,후방카메라/감지기,1149844,차량용전자기기,자동차용품 > 차량용전자기기 > 후방카메라/감지기,https://www.11st.co.kr/amazon/category?dispCtgr3No=1151061
3,1154011,기타 제품,1154010,기타 자동차 용품,자동차용품 > 기타 자동차 용품 > 기타 제품,https://www.11st.co.kr/amazon/category?dispCtgr3No=1154011
3,1151048,차량용 수납 용품,1149842,안전/편의용품,자동차용품 > 안전/편의용품 > 차량용 수납 용품,https://www.11st.co.kr/amazon/category?dispCtgr3No=1151048
3,1151049,차량용 편의 용품,1149842,안전/편의용품,자동차용품 > 안전/편의용품 > 차량용 편의 용품,https://www.11st.co.kr/amazon/category?dispCtgr3No=1151049
3,1151047,비상/안전 용품,1149842,안전/편의용품,자동차용품 > 안전/편의용품 > 비상/안전 용품,https://www.11st.co.kr/amazon/category?dispCtgr3No=1151047
3,1151012,광택/케미컬,1149840,세차용품,자동차용품 > 세차용품 > 광택/케미컬,https://www.11st.co.kr/amazon/category?dispCtgr3No=1151012
3,1151024,타월/스펀지,1149840,세차용품,자동차용품 > 세차용품 > 타월/스펀지,https://www.11st.co.kr/amazon/category?dispCtgr3No=1151024
3,1151016,성에제거 용품,1149840,세차용품,자동차용품 > 세차용품 > 성에제거 용품,https://www.11st.co.kr/amazon/category?dispCtgr3No=1151016
3,1151023,청소기/ 용품,1149840,세차용품,자동차용품 > 세차용품 > 청소기/ 용품,https://www.11st.co.kr/amazon/category?dispCtgr3No=1151023
3,1151014,먼지털이 용품,1149840,세차용품,자동차용품 > 세차용품 > 먼지털이 용품,https://www.11st.co.kr/amazon/category?dispCtgr3No=1151014
3,1151019,세차 호스/세차 버킷,1149840,세차용품,자동차용품 > 세차용품 > 세차 호스/세차 버킷,https://www.11st.co.kr/amazon/category?dispCtgr3No=1151019
3,1151018,세차 용품 세트,1149840,세차용품,자동차용품 > 세차용품 > 세차 용품 세트,https://www.11st.co.kr/amazon/category?dispCtgr3No=1151018
3,1151008,차량용 시트,1149838,매트/시트/쿠션,자동차용품 > 매트/시트/쿠션 > 차량용 시트,https://www.11st.co.kr/amazon/category?dispCtgr3No=1151008
3,1151009,차량용 카매트,1149838,매트/시트/쿠션,자동차용품 > 매트/시트/쿠션 > 차량용 카매트,https://www.11st.co.kr/amazon/category?dispCtgr3No=1151009
3,1151007,차량용 방석/담요,1149838,매트/시트/쿠션,자동차용품 > 매트/시트/쿠션 > 차량용 방석/담요,https://www.11st.co.kr/amazon/category?dispCtgr3No=1151007
3,1151010,차량용 쿠션,1149838,매트/시트/쿠션,자동차용품 > 매트/시트/쿠션 > 차량용 쿠션,https://www.11st.co.kr/amazon/category?dispCtgr3No=1151010
3,1151004,차량용 공기청정기,1149833,공기청정/방향/탈취,자동차용품 > 공기청정/방향/탈취 > 차량용 공기청정기,https://www.11st.co.kr/amazon/category?dispCtgr3No=1151004
3,1151003,차량용 가습기,1149833,공기청정/방향/탈취,자동차용품 > 공기청정/방향/탈취 > 차량용 가습기,https://www.11st.co.kr/amazon/category?dispCtgr3No=1151003
3,1162805,유아동,1149756,도서,도서/음반 > 도서 > 유아동,https://www.11st.co.kr/amazon/category?dispCtgr3No=1162805
3,1350153,기타 도서/음반,1149756,도서,도서/음반 > 도서 > 기타 도서/음반,https://www.11st.co.kr/amazon/category?dispCtgr3No=1350153
3,1162800,어학/학습/수험서,1149756,도서,도서/음반 > 도서 > 어학/학습/수험서,https://www.11st.co.kr/amazon/category?dispCtgr3No=1162800
3,1162803,예술/건축,1149756,도서,도서/음반 > 도서 > 예술/건축,https://www.11st.co.kr/amazon/category?dispCtgr3No=1162803
3,1162810,종교/영성,1149756,도서,도서/음반 > 도서 > 종교/영성,https://www.11st.co.kr/amazon/category?dispCtgr3No=1162810
3,1162796,과학/수학,1149756,도서,도서/음반 > 도서 > 과학/수학,https://www.11st.co.kr/amazon/category?dispCtgr3No=1162796
3,1162812,취미/실용/스포츠,1149756,도서,도서/음반 > 도서 > 취미/실용/스포츠,https://www.11st.co.kr/amazon/category?dispCtgr3No=1162812
3,1162798,문학/소설,1149756,도서,도서/음반 > 도서 > 문학/소설,https://www.11st.co.kr/amazon/category?dispCtgr3No=1162798
3,1162801,엔터테인먼트,1149756,도서,도서/음반 > 도서 > 엔터테인먼트,https://www.11st.co.kr/amazon/category?dispCtgr3No=1162801
3,1162794,경제/경영,1149756,도서,도서/음반 > 도서 > 경제/경영,https://www.11st.co.kr/amazon/category?dispCtgr3No=1162794
3,1162791,역사,1149756,도서,도서/음반 > 도서 > 역사,https://www.11st.co.kr/amazon/category?dispCtgr3No=1162791
3,1162807,인문/사회,1149756,도서,도서/음반 > 도서 > 인문/사회,https://www.11st.co.kr/amazon/category?dispCtgr3No=1162807
3,1162806,의학,1149756,도서,도서/음반 > 도서 > 의학,https://www.11st.co.kr/amazon/category?dispCtgr3No=1162806
3,1162793,건강/다이어트,1149756,도서,도서/음반 > 도서 > 건강/다이어트,https://www.11st.co.kr/amazon/category?dispCtgr3No=1162793
3,1162813,컴퓨터,1149756,도서,도서/음반 > 도서 > 컴퓨터,https://www.11st.co.kr/amazon/category?dispCtgr3No=1162813
3,1162792,가정/가족,1149756,도서,도서/음반 > 도서 > 가정/가족,https://www.11st.co.kr/amazon/category?dispCtgr3No=1162792
3,1162804,요리,1149756,도서,도서/음반 > 도서 > 요리,https://www.11st.co.kr/amazon/category?dispCtgr3No=1162804
3,1162797,만화/애니메이션,1149756,도서,도서/음반 > 도서 > 만화/애니메이션,https://www.11st.co.kr/amazon/category?dispCtgr3No=1162797
3,1162795,공학/기술/운송,1149756,도서,도서/음반 > 도서 > 공학/기술/운송,https://www.11st.co.kr/amazon/category?dispCtgr3No=1162795
3,1162802,여행,1149756,도서,도서/음반 > 도서 > 여행,https://www.11st.co.kr/amazon/category?dispCtgr3No=1162802
3,1153879,기타 제품,1153878,기타 도서/음반/DVD,도서/음반 > 기타 도서/음반/DVD > 기타 제품,https://www.11st.co.kr/amazon/category?dispCtgr3No=1153879
3,1150070,하드락 & 메탈,1149757,음반,도서/음반 > 음반 > 하드락 & 메탈,https://www.11st.co.kr/amazon/category?dispCtgr3No=1150070
3,1150069,국제 음악,1149757,음반,도서/음반 > 음반 > 국제 음악,https://www.11st.co.kr/amazon/category?dispCtgr3No=1150069
3,1150064,클래식,1149757,음반,도서/음반 > 음반 > 클래식,https://www.11st.co.kr/amazon/category?dispCtgr3No=1150064
3,1150082,기타 음악,1149757,음반,도서/음반 > 음반 > 기타 음악,https://www.11st.co.kr/amazon/category?dispCtgr3No=1150082
3,1150068,POP,1149757,음반,도서/음반 > 음반 > POP,https://www.11st.co.kr/amazon/category?dispCtgr3No=1150068
3,1150083,CD/LP,1149757,음반,도서/음반 > 음반 > CD/LP,https://www.11st.co.kr/amazon/category?dispCtgr3No=1150083
3,1150065,재즈,1149757,음반,도서/음반 > 음반 > 재즈,https://www.11st.co.kr/amazon/category?dispCtgr3No=1150065
3,1150071,종교 음악,1149757,음반,도서/음반 > 음반 > 종교 음악,https://www.11st.co.kr/amazon/category?dispCtgr3No=1150071
3,1150073,댄스,1149757,음반,도서/음반 > 음반 > 댄스,https://www.11st.co.kr/amazon/category?dispCtgr3No=1150073
3,1150077,라틴,1149757,음반,도서/음반 > 음반 > 라틴,https://www.11st.co.kr/amazon/category?dispCtgr3No=1150077
3,1150063,랩 & 힙합,1149757,음반,도서/음반 > 음반 > 랩 & 힙합,https://www.11st.co.kr/amazon/category?dispCtgr3No=1150063
3,1150078,오페라,1149757,음반,도서/음반 > 음반 > 오페라,https://www.11st.co.kr/amazon/category?dispCtgr3No=1150078
3,1150075,블루스,1149757,음반,도서/음반 > 음반 > 블루스,https://www.11st.co.kr/amazon/category?dispCtgr3No=1150075
3,1150076,뉴에이지,1149757,음반,도서/음반 > 음반 > 뉴에이지,https://www.11st.co.kr/amazon/category?dispCtgr3No=1150076
3,1150067,R&B,1149757,음반,도서/음반 > 음반 > R&B,https://www.11st.co.kr/amazon/category?dispCtgr3No=1150067
3,1150080,사운드트랙,1149757,음반,도서/음반 > 음반 > 사운드트랙,https://www.11st.co.kr/amazon/category?dispCtgr3No=1150080
3,1150081,클래식 락,1149757,음반,도서/음반 > 음반 > 클래식 락,https://www.11st.co.kr/amazon/category?dispCtgr3No=1150081
3,1150072,어린이 음악,1149757,음반,도서/음반 > 음반 > 어린이 음악,https://www.11st.co.kr/amazon/category?dispCtgr3No=1150072
3,1150079,브로드웨이,1149757,음반,도서/음반 > 음반 > 브로드웨이,https://www.11st.co.kr/amazon/category?dispCtgr3No=1150079
3,1150074,컨트리 음악,1149757,음반,도서/음반 > 음반 > 컨트리 음악,https://www.11st.co.kr/amazon/category?dispCtgr3No=1150074
3,1150887,포장 용품,1149892,문구/사무용품,취미/사무용품 > 문구/사무용품 > 포장 용품,https://www.11st.co.kr/amazon/category?dispCtgr3No=1150887
3,1150889,필기류,1149892,문구/사무용품,취미/사무용품 > 문구/사무용품 > 필기류,https://www.11st.co.kr/amazon/category?dispCtgr3No=1150889
3,1150881,앨범류,1149892,문구/사무용품,취미/사무용품 > 문구/사무용품 > 앨범류,https://www.11st.co.kr/amazon/category?dispCtgr3No=1150881
3,1150877,문구세트류,1149892,문구/사무용품,취미/사무용품 > 문구/사무용품 > 문구세트류,https://www.11st.co.kr/amazon/category?dispCtgr3No=1150877
3,1150873,가위/칼,1149892,문구/사무용품,취미/사무용품 > 문구/사무용품 > 가위/칼,https://www.11st.co.kr/amazon/category?dispCtgr3No=1150873
3,1150880,스티커,1149892,문구/사무용품,취미/사무용품 > 문구/사무용품 > 스티커,https://www.11st.co.kr/amazon/category?dispCtgr3No=1150880
3,1150878,도장,1149892,문구/사무용품,취미/사무용품 > 문구/사무용품 > 도장,https://www.11st.co.kr/amazon/category?dispCtgr3No=1150878
3,1150883,수정 용품,1149892,문구/사무용품,취미/사무용품 > 문구/사무용품 > 수정 용품,https://www.11st.co.kr/amazon/category?dispCtgr3No=1150883
3,1150879,스테이플러/펀치,1149892,문구/사무용품,취미/사무용품 > 문구/사무용품 > 스테이플러/펀치,https://www.11st.co.kr/amazon/category?dispCtgr3No=1150879
3,1150882,자/컴퍼스,1149892,문구/사무용품,취미/사무용품 > 문구/사무용품 > 자/컴퍼스,https://www.11st.co.kr/amazon/category?dispCtgr3No=1150882
3,1150885,클립/압정/자석,1149892,문구/사무용품,취미/사무용품 > 문구/사무용품 > 클립/압정/자석,https://www.11st.co.kr/amazon/category?dispCtgr3No=1150885
3,1150896,캔버스,1149893,미술/화방용품,취미/사무용품 > 미술/화방용품 > 캔버스,https://www.11st.co.kr/amazon/category?dispCtgr3No=1150896
3,1150891,미술 보조 용품,1149893,미술/화방용품,취미/사무용품 > 미술/화방용품 > 미술 보조 용품,https://www.11st.co.kr/amazon/category?dispCtgr3No=1150891
3,1150892,채색 용품,1149893,미술/화방용품,취미/사무용품 > 미술/화방용품 > 채색 용품,https://www.11st.co.kr/amazon/category?dispCtgr3No=1150892
3,1150895,조소/조각/도예 용품,1149893,미술/화방용품,취미/사무용품 > 미술/화방용품 > 조소/조각/도예 용품,https://www.11st.co.kr/amazon/category?dispCtgr3No=1150895
3,1150898,화방 지류,1149893,미술/화방용품,취미/사무용품 > 미술/화방용품 > 화방 지류,https://www.11st.co.kr/amazon/category?dispCtgr3No=1150898
3,1150894,제도 용품,1149893,미술/화방용품,취미/사무용품 > 미술/화방용품 > 제도 용품,https://www.11st.co.kr/amazon/category?dispCtgr3No=1150894
3,1150893,애니메이션 재료,1149893,미술/화방용품,취미/사무용품 > 미술/화방용품 > 애니메이션 재료,https://www.11st.co.kr/amazon/category?dispCtgr3No=1150893
3,1150897,판화 용품,1149893,미술/화방용품,취미/사무용품 > 미술/화방용품 > 판화 용품,https://www.11st.co.kr/amazon/category?dispCtgr3No=1150897
3,1150915,타악기,1149895,악기용품,취미/사무용품 > 악기용품 > 타악기,https://www.11st.co.kr/amazon/category?dispCtgr3No=1150915
3,1150910,관악기,1149895,악기용품,취미/사무용품 > 악기용품 > 관악기,https://www.11st.co.kr/amazon/category?dispCtgr3No=1150910
3,1150916,현악기,1149895,악기용품,취미/사무용품 > 악기용품 > 현악기,https://www.11st.co.kr/amazon/category?dispCtgr3No=1150916
3,1150909,건반악기,1149895,악기용품,취미/사무용품 > 악기용품 > 건반악기,https://www.11st.co.kr/amazon/category?dispCtgr3No=1150909
3,1150913,기타 악기,1149895,악기용품,취미/사무용품 > 악기용품 > 기타 악기,https://www.11st.co.kr/amazon/category?dispCtgr3No=1150913
3,1150907,판촉 용품,1149894,사무용품/기기,취미/사무용품 > 사무용품/기기 > 판촉 용품,https://www.11st.co.kr/amazon/category?dispCtgr3No=1150907
3,1150900,라벨기/라벨 용품,1149894,사무용품/기기,취미/사무용품 > 사무용품/기기 > 라벨기/라벨 용품,https://www.11st.co.kr/amazon/category?dispCtgr3No=1150900
3,1150901,데스크 정리 용품,1149894,사무용품/기기,취미/사무용품 > 사무용품/기기 > 데스크 정리 용품,https://www.11st.co.kr/amazon/category?dispCtgr3No=1150901
3,1150902,독서 용품,1149894,사무용품/기기,취미/사무용품 > 사무용품/기기 > 독서 용품,https://www.11st.co.kr/amazon/category?dispCtgr3No=1150902
3,1150908,파일/바인더,1149894,사무용품/기기,취미/사무용품 > 사무용품/기기 > 파일/바인더,https://www.11st.co.kr/amazon/category?dispCtgr3No=1150908
3,1150903,보드/게시판,1149894,사무용품/기기,취미/사무용품 > 사무용품/기기 > 보드/게시판,https://www.11st.co.kr/amazon/category?dispCtgr3No=1150903
3,1150905,사무용지류,1149894,사무용품/기기,취미/사무용품 > 사무용품/기기 > 사무용지류,https://www.11st.co.kr/amazon/category?dispCtgr3No=1150905
3,1150904,사무기기/소모품,1149894,사무용품/기기,취미/사무용품 > 사무용품/기기 > 사무기기/소모품,https://www.11st.co.kr/amazon/category?dispCtgr3No=1150904
3,1150899,계산기,1149894,사무용품/기기,취미/사무용품 > 사무용품/기기 > 계산기,https://www.11st.co.kr/amazon/category?dispCtgr3No=1150899
3,1150326,헤어 소품,1149903,뷰티소품,화장품 > 뷰티소품 > 헤어 소품,https://www.11st.co.kr/amazon/category?dispCtgr3No=1150326
3,1150321,기타 뷰티 소품,1149903,뷰티소품,화장품 > 뷰티소품 > 기타 뷰티 소품,https://www.11st.co.kr/amazon/category?dispCtgr3No=1150321
3,1150325,페이스 소품,1149903,뷰티소품,화장품 > 뷰티소품 > 페이스 소품,https://www.11st.co.kr/amazon/category?dispCtgr3No=1150325
3,1150322,바디 소품,1149903,뷰티소품,화장품 > 뷰티소품 > 바디 소품,https://www.11st.co.kr/amazon/category?dispCtgr3No=1150322
3,1150323,아이 소품,1149903,뷰티소품,화장품 > 뷰티소품 > 아이 소품,https://www.11st.co.kr/amazon/category?dispCtgr3No=1150323
3,1150324,클렌징 소품,1149903,뷰티소품,화장품 > 뷰티소품 > 클렌징 소품,https://www.11st.co.kr/amazon/category?dispCtgr3No=1150324
3,1150328,핸드/풋 케어,1149904,네일/핸드/풋케어,화장품 > 네일/핸드/풋케어 > 핸드/풋 케어,https://www.11st.co.kr/amazon/category?dispCtgr3No=1150328
3,1150296,립 메이크업,1149897,메이크업,화장품 > 메이크업 > 립 메이크업,https://www.11st.co.kr/amazon/category?dispCtgr3No=1150296
3,1150297,멀티 메이크업,1149897,메이크업,화장품 > 메이크업 > 멀티 메이크업,https://www.11st.co.kr/amazon/category?dispCtgr3No=1150297
3,1150298,아이 메이크업,1149897,메이크업,화장품 > 메이크업 > 아이 메이크업,https://www.11st.co.kr/amazon/category?dispCtgr3No=1150298
3,1150299,페이스 메이크업,1149897,메이크업,화장품 > 메이크업 > 페이스 메이크업,https://www.11st.co.kr/amazon/category?dispCtgr3No=1150299
3,1150294,스킨케어,1149896,스킨케어,화장품 > 스킨케어 > 스킨케어,https://www.11st.co.kr/amazon/category?dispCtgr3No=1150294
3,1150295,클렌징,1149896,스킨케어,화장품 > 스킨케어 > 클렌징,https://www.11st.co.kr/amazon/category?dispCtgr3No=1150295
3,1150319,바디워시/스크럽/입욕용품,1149902,바디케어,화장품 > 바디케어 > 바디워시/스크럽/입욕용품,https://www.11st.co.kr/amazon/category?dispCtgr3No=1150319
3,1150318,바디로션/크림/오일,1149902,바디케어,화장품 > 바디케어 > 바디로션/크림/오일,https://www.11st.co.kr/amazon/category?dispCtgr3No=1150318
3,1150317,바디케어 용품 기타,1149902,바디케어,화장품 > 바디케어 > 바디케어 용품 기타,https://www.11st.co.kr/amazon/category?dispCtgr3No=1150317
3,1150320,청결제/제모제/슬리밍,1149902,바디케어,화장품 > 바디케어 > 청결제/제모제/슬리밍,https://www.11st.co.kr/amazon/category?dispCtgr3No=1150320
3,1150313,샴푸/린스,1149901,헤어케어,화장품 > 헤어케어 > 샴푸/린스,https://www.11st.co.kr/amazon/category?dispCtgr3No=1150313
3,1150315,헤어 스타일링제,1149901,헤어케어,화장품 > 헤어케어 > 헤어 스타일링제,https://www.11st.co.kr/amazon/category?dispCtgr3No=1150315
3,1150316,트리트먼트/영양제,1149901,헤어케어,화장품 > 헤어케어 > 트리트먼트/영양제,https://www.11st.co.kr/amazon/category?dispCtgr3No=1150316
3,1150314,염색/펌,1149901,헤어케어,화장품 > 헤어케어 > 염색/펌,https://www.11st.co.kr/amazon/category?dispCtgr3No=1150314
3,1150344,샴푸/컨디셔너,1149907,유아 바디/헤어케어,화장품 > 유아 바디/헤어케어 > 샴푸/컨디셔너,https://www.11st.co.kr/amazon/category?dispCtgr3No=1150344
3,1150346,유아 올인원 워시,1149907,유아 바디/헤어케어,화장품 > 유아 바디/헤어케어 > 유아 올인원 워시,https://www.11st.co.kr/amazon/category?dispCtgr3No=1150346
3,1150343,비누,1149907,유아 바디/헤어케어,화장품 > 유아 바디/헤어케어 > 비누,https://www.11st.co.kr/amazon/category?dispCtgr3No=1150343
3,1150342,바디 워시,1149907,유아 바디/헤어케어,화장품 > 유아 바디/헤어케어 > 바디 워시,https://www.11st.co.kr/amazon/category?dispCtgr3No=1150342
3,1150345,손 세정제,1149907,유아 바디/헤어케어,화장품 > 유아 바디/헤어케어 > 손 세정제,https://www.11st.co.kr/amazon/category?dispCtgr3No=1150345
3,1150341,벌레물림 방지용품,1149907,유아 바디/헤어케어,화장품 > 유아 바디/헤어케어 > 벌레물림 방지용품,https://www.11st.co.kr/amazon/category?dispCtgr3No=1150341
3,1154017,기타 제품,1154016,기타 화장품,화장품 > 기타 화장품 > 기타 제품,https://www.11st.co.kr/amazon/category?dispCtgr3No=1154017
3,1150339,스킨케어,1149906,유아 스킨케어,화장품 > 유아 스킨케어 > 스킨케어,https://www.11st.co.kr/amazon/category?dispCtgr3No=1150339
3,1150338,기타 화장품,1149906,유아 스킨케어,화장품 > 유아 스킨케어 > 기타 화장품,https://www.11st.co.kr/amazon/category?dispCtgr3No=1150338
3,1150340,선케어,1149906,유아 스킨케어,화장품 > 유아 스킨케어 > 선케어,https://www.11st.co.kr/amazon/category?dispCtgr3No=1150340
3,1150310,여성 향수,1149900,향수,화장품 > 향수 > 여성 향수,https://www.11st.co.kr/amazon/category?dispCtgr3No=1150310
3,1150312,남성 향수,1149900,향수,화장품 > 향수 > 남성 향수,https://www.11st.co.kr/amazon/category?dispCtgr3No=1150312
3,1167975,남녀공용향수,1149900,향수,화장품 > 향수 > 남녀공용향수,https://www.11st.co.kr/amazon/category?dispCtgr3No=1167975
3,1150311,향수 세트,1149900,향수,화장품 > 향수 > 향수 세트,https://www.11st.co.kr/amazon/category?dispCtgr3No=1150311
3,1150347,임산부 크림/헤어/보디,1149908,임산부화장품,화장품 > 임산부화장품 > 임산부 크림/헤어/보디,https://www.11st.co.kr/amazon/category?dispCtgr3No=1150347
3,1150302,선크림,1149898,선케어,화장품 > 선케어 > 선크림,https://www.11st.co.kr/amazon/category?dispCtgr3No=1150302
3,1150300,선 밤,1149898,선케어,화장품 > 선케어 > 선 밤,https://www.11st.co.kr/amazon/category?dispCtgr3No=1150300
3,1150308,화장품 세트,1149899,남성화장품,화장품 > 남성화장품 > 화장품 세트,https://www.11st.co.kr/amazon/category?dispCtgr3No=1150308
3,1150309,클렌징,1149899,남성화장품,화장품 > 남성화장품 > 클렌징,https://www.11st.co.kr/amazon/category?dispCtgr3No=1150309
3,1150303,올인원,1149899,남성화장품,화장품 > 남성화장품 > 올인원,https://www.11st.co.kr/amazon/category?dispCtgr3No=1150303
3,1150305,로션,1149899,남성화장품,화장품 > 남성화장품 > 로션,https://www.11st.co.kr/amazon/category?dispCtgr3No=1150305
3,1150307,크림,1149899,남성화장품,화장품 > 남성화장품 > 크림,https://www.11st.co.kr/amazon/category?dispCtgr3No=1150307
3,1150227,자전거 용품,1149924,자전거,스포츠/레저 > 자전거 > 자전거 용품,https://www.11st.co.kr/amazon/category?dispCtgr3No=1150227
3,1150228,자전거 잡화,1149924,자전거,스포츠/레저 > 자전거 > 자전거 잡화,https://www.11st.co.kr/amazon/category?dispCtgr3No=1150228
3,1150226,자전거 신발,1149924,자전거,스포츠/레저 > 자전거 > 자전거 신발,https://www.11st.co.kr/amazon/category?dispCtgr3No=1150226
3,1150223,가방/모자/벨트,1149923,스포츠잡화,스포츠/레저 > 스포츠잡화 > 가방/모자/벨트,https://www.11st.co.kr/amazon/category?dispCtgr3No=1150223
3,1153936,메이저 스포츠 용품,1149923,스포츠잡화,스포츠/레저 > 스포츠잡화 > 메이저 스포츠 용품,https://www.11st.co.kr/amazon/category?dispCtgr3No=1153936
3,1150259,헬스/요가,1149923,스포츠잡화,스포츠/레저 > 스포츠잡화 > 헬스/요가,https://www.11st.co.kr/amazon/category?dispCtgr3No=1150259
3,1150213,수영/물놀이,1149920,수영/수상스포츠,스포츠/레저 > 수영/수상스포츠 > 수영/물놀이,https://www.11st.co.kr/amazon/category?dispCtgr3No=1150213
3,1150215,스노클링/다이빙,1149920,수영/수상스포츠,스포츠/레저 > 수영/수상스포츠 > 스노클링/다이빙,https://www.11st.co.kr/amazon/category?dispCtgr3No=1150215
3,1150214,수영/수상스포츠 잡화,1149920,수영/수상스포츠,스포츠/레저 > 수영/수상스포츠 > 수영/수상스포츠 잡화,https://www.11st.co.kr/amazon/category?dispCtgr3No=1150214
3,1150197,야구,1149915,구기/라켓스포츠,스포츠/레저 > 구기/라켓스포츠 > 야구,https://www.11st.co.kr/amazon/category?dispCtgr3No=1150197
3,1150198,축구,1149915,구기/라켓스포츠,스포츠/레저 > 구기/라켓스포츠 > 축구,https://www.11st.co.kr/amazon/category?dispCtgr3No=1150198
3,1150194,배드민턴/탁구/테니스,1149915,구기/라켓스포츠,스포츠/레저 > 구기/라켓스포츠 > 배드민턴/탁구/테니스,https://www.11st.co.kr/amazon/category?dispCtgr3No=1150194
3,1150196,심판 용품,1149915,구기/라켓스포츠,스포츠/레저 > 구기/라켓스포츠 > 심판 용품,https://www.11st.co.kr/amazon/category?dispCtgr3No=1150196
3,1150192,당구/포켓볼,1149915,구기/라켓스포츠,스포츠/레저 > 구기/라켓스포츠 > 당구/포켓볼,https://www.11st.co.kr/amazon/category?dispCtgr3No=1150192
3,1150190,구기/라켓스포츠 기타,1149915,구기/라켓스포츠,스포츠/레저 > 구기/라켓스포츠 > 구기/라켓스포츠 기타,https://www.11st.co.kr/amazon/category?dispCtgr3No=1150190
3,1150191,농구,1149915,구기/라켓스포츠,스포츠/레저 > 구기/라켓스포츠 > 농구,https://www.11st.co.kr/amazon/category?dispCtgr3No=1150191
3,1150193,배구/피구/족구,1149915,구기/라켓스포츠,스포츠/레저 > 구기/라켓스포츠 > 배구/피구/족구,https://www.11st.co.kr/amazon/category?dispCtgr3No=1150193
3,1150195,볼링,1149915,구기/라켓스포츠,스포츠/레저 > 구기/라켓스포츠 > 볼링,https://www.11st.co.kr/amazon/category?dispCtgr3No=1150195
3,1150432,골프의류,1149914,골프,스포츠/레저 > 골프 > 골프의류,https://www.11st.co.kr/amazon/category?dispCtgr3No=1150432
3,1150199,다트/기타 레저,1149916,기타스포츠,스포츠/레저 > 기타스포츠 > 다트/기타 레저,https://www.11st.co.kr/amazon/category?dispCtgr3No=1150199
3,1150202,육상/체조,1149916,기타스포츠,스포츠/레저 > 기타스포츠 > 육상/체조,https://www.11st.co.kr/amazon/category?dispCtgr3No=1150202
3,1150201,승마,1149916,기타스포츠,스포츠/레저 > 기타스포츠 > 승마,https://www.11st.co.kr/amazon/category?dispCtgr3No=1150201
3,1150231,캠핑 소품,1149925,캠핑,스포츠/레저 > 캠핑 > 캠핑 소품,https://www.11st.co.kr/amazon/category?dispCtgr3No=1150231
3,1150236,텐트/타프,1149925,캠핑,스포츠/레저 > 캠핑 > 텐트/타프,https://www.11st.co.kr/amazon/category?dispCtgr3No=1150236
3,1150235,캠핑 침구,1149925,캠핑,스포츠/레저 > 캠핑 > 캠핑 침구,https://www.11st.co.kr/amazon/category?dispCtgr3No=1150235
3,1150232,의자/테이블,1149925,캠핑,스포츠/레저 > 캠핑 > 의자/테이블,https://www.11st.co.kr/amazon/category?dispCtgr3No=1150232
3,1150229,돗자리/매트,1149925,캠핑,스포츠/레저 > 캠핑 > 돗자리/매트,https://www.11st.co.kr/amazon/category?dispCtgr3No=1150229
3,1150242,헬스,1149927,헬스/요가,스포츠/레저 > 헬스/요가 > 헬스,https://www.11st.co.kr/amazon/category?dispCtgr3No=1150242
3,1150241,요가/필라테스,1149927,헬스/요가,스포츠/레저 > 헬스/요가 > 요가/필라테스,https://www.11st.co.kr/amazon/category?dispCtgr3No=1150241
3,1150237,인라인/스케이트,1149926,킥보드/스케이트,스포츠/레저 > 킥보드/스케이트 > 인라인/스케이트,https://www.11st.co.kr/amazon/category?dispCtgr3No=1150237
3,1150239,킥보드,1149926,킥보드/스케이트,스포츠/레저 > 킥보드/스케이트 > 킥보드,https://www.11st.co.kr/amazon/category?dispCtgr3No=1150239
3,1150240,스케이트,1149926,킥보드/스케이트,스포츠/레저 > 킥보드/스케이트 > 스케이트,https://www.11st.co.kr/amazon/category?dispCtgr3No=1150240
3,1150238,전동휠/킥보드,1149926,킥보드/스케이트,스포츠/레저 > 킥보드/스케이트 > 전동휠/킥보드,https://www.11st.co.kr/amazon/category?dispCtgr3No=1150238
3,1150207,암벽/빙벽등반 용품,1149918,등산,스포츠/레저 > 등산 > 암벽/빙벽등반 용품,https://www.11st.co.kr/amazon/category?dispCtgr3No=1150207
3,1150208,등산 신발,1149918,등산,스포츠/레저 > 등산 > 등산 신발,https://www.11st.co.kr/amazon/category?dispCtgr3No=1150208
3,1150206,보호장비,1149918,등산,스포츠/레저 > 등산 > 보호장비,https://www.11st.co.kr/amazon/category?dispCtgr3No=1150206
3,1150205,등산 잡화,1149918,등산,스포츠/레저 > 등산 > 등산 잡화,https://www.11st.co.kr/amazon/category?dispCtgr3No=1150205
3,1150209,댄스,1149919,발레/댄스/에어로빅,스포츠/레저 > 발레/댄스/에어로빅 > 댄스,https://www.11st.co.kr/amazon/category?dispCtgr3No=1150209
3,1150210,발레,1149919,발레/댄스/에어로빅,스포츠/레저 > 발레/댄스/에어로빅 > 발레,https://www.11st.co.kr/amazon/category?dispCtgr3No=1150210
3,1150211,에어로빅,1149919,발레/댄스/에어로빅,스포츠/레저 > 발레/댄스/에어로빅 > 에어로빅,https://www.11st.co.kr/amazon/category?dispCtgr3No=1150211
3,1150430,복싱/격투기,1149913,검도/격투/무술,스포츠/레저 > 검도/격투/무술 > 복싱/격투기,https://www.11st.co.kr/amazon/category?dispCtgr3No=1150430
3,1150429,검도,1149913,검도/격투/무술,스포츠/레저 > 검도/격투/무술 > 검도,https://www.11st.co.kr/amazon/category?dispCtgr3No=1150429
3,1150221,소품,1149922,스포츠용품,스포츠/레저 > 스포츠용품 > 소품,https://www.11st.co.kr/amazon/category?dispCtgr3No=1150221
3,1150222,측정용품,1149922,스포츠용품,스포츠/레저 > 스포츠용품 > 측정용품,https://www.11st.co.kr/amazon/category?dispCtgr3No=1150222
3,1150808,베이킹 용품,1149932,조리기구/도구,주방용품 > 조리기구/도구 > 베이킹 용품,https://www.11st.co.kr/amazon/category?dispCtgr3No=1150808
3,1150811,조리보조도구,1149932,조리기구/도구,주방용품 > 조리기구/도구 > 조리보조도구,https://www.11st.co.kr/amazon/category?dispCtgr3No=1150811
3,1150807,냄비/프라이팬,1149932,조리기구/도구,주방용품 > 조리기구/도구 > 냄비/프라이팬,https://www.11st.co.kr/amazon/category?dispCtgr3No=1150807
3,1150812,칼/가위/도마,1149932,조리기구/도구,주방용품 > 조리기구/도구 > 칼/가위/도마,https://www.11st.co.kr/amazon/category?dispCtgr3No=1150812
3,1150806,간식 조리도구,1149932,조리기구/도구,주방용품 > 조리기구/도구 > 간식 조리도구,https://www.11st.co.kr/amazon/category?dispCtgr3No=1150806
3,1150814,티 용품,1149932,조리기구/도구,주방용품 > 조리기구/도구 > 티 용품,https://www.11st.co.kr/amazon/category?dispCtgr3No=1150814
3,1150813,커피 용품,1149932,조리기구/도구,주방용품 > 조리기구/도구 > 커피 용품,https://www.11st.co.kr/amazon/category?dispCtgr3No=1150813
3,1150809,베이킹 포장/도시락 포장,1149932,조리기구/도구,주방용품 > 조리기구/도구 > 베이킹 포장/도시락 포장,https://www.11st.co.kr/amazon/category?dispCtgr3No=1150809
3,1150799,양식커트러리,1149930,식기/수저,주방용품 > 식기/수저 > 양식커트러리,https://www.11st.co.kr/amazon/category?dispCtgr3No=1150799
3,1150818,주방잡화/액세서리,1149933,주방수납/잡화,주방용품 > 주방수납/잡화 > 주방잡화/액세서리,https://www.11st.co.kr/amazon/category?dispCtgr3No=1150818
3,1150817,주방 세척도구,1149933,주방수납/잡화,주방용품 > 주방수납/잡화 > 주방 세척도구,https://www.11st.co.kr/amazon/category?dispCtgr3No=1150817
3,1150816,냉장고 정리 용품,1149933,주방수납/잡화,주방용품 > 주방수납/잡화 > 냉장고 정리 용품,https://www.11st.co.kr/amazon/category?dispCtgr3No=1150816
3,1150823,일회용 컵/수저/식기,1149934,주방일회용품/소모품,주방용품 > 주방일회용품/소모품 > 일회용 컵/수저/식기,https://www.11st.co.kr/amazon/category?dispCtgr3No=1150823
3,1150819,기타 일회용품/소모품,1149934,주방일회용품/소모품,주방용품 > 주방일회용품/소모품 > 기타 일회용품/소모품,https://www.11st.co.kr/amazon/category?dispCtgr3No=1150819
3,1150820,뚜껑/홀더/빨대,1149934,주방일회용품/소모품,주방용품 > 주방일회용품/소모품 > 뚜껑/홀더/빨대,https://www.11st.co.kr/amazon/category?dispCtgr3No=1150820
3,1150822,장갑/봉투/지퍼백,1149934,주방일회용품/소모품,주방용품 > 주방일회용품/소모품 > 장갑/봉투/지퍼백,https://www.11st.co.kr/amazon/category?dispCtgr3No=1150822
3,1150821,랩/호일,1149934,주방일회용품/소모품,주방용품 > 주방일회용품/소모품 > 랩/호일,https://www.11st.co.kr/amazon/category?dispCtgr3No=1150821
3,1150107,상의,1149936,남성의류,패션/잡화 > 남성의류 > 상의,https://www.11st.co.kr/amazon/category?dispCtgr3No=1150107
3,1150110,트레이닝복,1149936,남성의류,패션/잡화 > 남성의류 > 트레이닝복,https://www.11st.co.kr/amazon/category?dispCtgr3No=1150110
3,1150108,아우터,1149936,남성의류,패션/잡화 > 남성의류 > 아우터,https://www.11st.co.kr/amazon/category?dispCtgr3No=1150108
3,1150112,하의,1149936,남성의류,패션/잡화 > 남성의류 > 하의,https://www.11st.co.kr/amazon/category?dispCtgr3No=1150112
3,1150109,정장/세트,1149936,남성의류,패션/잡화 > 남성의류 > 정장/세트,https://www.11st.co.kr/amazon/category?dispCtgr3No=1150109
3,1150111,패션 래시가드,1149936,남성의류,패션/잡화 > 남성의류 > 패션 래시가드,https://www.11st.co.kr/amazon/category?dispCtgr3No=1150111
3,1150178,여성화,1149949,패션슈즈,패션/잡화 > 패션슈즈 > 여성화,https://www.11st.co.kr/amazon/category?dispCtgr3No=1150178
3,1150176,남성화,1149949,패션슈즈,패션/잡화 > 패션슈즈 > 남성화,https://www.11st.co.kr/amazon/category?dispCtgr3No=1150176
3,1359076,캐릭터 신발,1149949,패션슈즈,패션/잡화 > 패션슈즈 > 캐릭터 신발,https://www.11st.co.kr/amazon/category?dispCtgr3No=1359076
3,1150177,신발용품,1149949,패션슈즈,패션/잡화 > 패션슈즈 > 신발용품,https://www.11st.co.kr/amazon/category?dispCtgr3No=1150177
3,1150121,상의,1149938,여성의류,패션/잡화 > 여성의류 > 상의,https://www.11st.co.kr/amazon/category?dispCtgr3No=1150121
3,1150123,원피스/세트,1149938,여성의류,패션/잡화 > 여성의류 > 원피스/세트,https://www.11st.co.kr/amazon/category?dispCtgr3No=1150123
3,1150126,하의,1149938,여성의류,패션/잡화 > 여성의류 > 하의,https://www.11st.co.kr/amazon/category?dispCtgr3No=1150126
3,1150124,트레이닝복,1149938,여성의류,패션/잡화 > 여성의류 > 트레이닝복,https://www.11st.co.kr/amazon/category?dispCtgr3No=1150124
3,1150122,아우터,1149938,여성의류,패션/잡화 > 여성의류 > 아우터,https://www.11st.co.kr/amazon/category?dispCtgr3No=1150122
3,1150119,기타 테마 의류,1149938,여성의류,패션/잡화 > 여성의류 > 기타 테마 의류,https://www.11st.co.kr/amazon/category?dispCtgr3No=1150119
3,1150120,수영복,1149938,여성의류,패션/잡화 > 여성의류 > 수영복,https://www.11st.co.kr/amazon/category?dispCtgr3No=1150120
3,1150125,패션 래시가드,1149938,여성의류,패션/잡화 > 여성의류 > 패션 래시가드,https://www.11st.co.kr/amazon/category?dispCtgr3No=1150125
3,1150165,주얼리,1149945,시계/쥬얼리,패션/잡화 > 시계/쥬얼리 > 주얼리,https://www.11st.co.kr/amazon/category?dispCtgr3No=1150165
3,1150166,헤어 액세서리,1149945,시계/쥬얼리,패션/잡화 > 시계/쥬얼리 > 헤어 액세서리,https://www.11st.co.kr/amazon/category?dispCtgr3No=1150166
3,1150164,시계,1149945,시계/쥬얼리,패션/잡화 > 시계/쥬얼리 > 시계,https://www.11st.co.kr/amazon/category?dispCtgr3No=1150164
3,1358971,캐릭터 의류,1149940,캐주얼의류,패션/잡화 > 캐주얼의류 > 캐릭터 의류,https://www.11st.co.kr/amazon/category?dispCtgr3No=1358971
3,1151101,기타 테마의류,1149940,캐주얼의류,패션/잡화 > 캐주얼의류 > 기타 테마의류,https://www.11st.co.kr/amazon/category?dispCtgr3No=1151101
3,1151103,상의,1149940,캐주얼의류,패션/잡화 > 캐주얼의류 > 상의,https://www.11st.co.kr/amazon/category?dispCtgr3No=1151103
3,1151107,하의,1149940,캐주얼의류,패션/잡화 > 캐주얼의류 > 하의,https://www.11st.co.kr/amazon/category?dispCtgr3No=1151107
3,1151105,커플룩/패밀리룩,1149940,캐주얼의류,패션/잡화 > 캐주얼의류 > 커플룩/패밀리룩,https://www.11st.co.kr/amazon/category?dispCtgr3No=1151105
3,1151104,아우터,1149940,캐주얼의류,패션/잡화 > 캐주얼의류 > 아우터,https://www.11st.co.kr/amazon/category?dispCtgr3No=1151104
3,1151106,트레이닝,1149940,캐주얼의류,패션/잡화 > 캐주얼의류 > 트레이닝,https://www.11st.co.kr/amazon/category?dispCtgr3No=1151106
3,1151102,빅 사이즈 의류,1149940,캐주얼의류,패션/잡화 > 캐주얼의류 > 빅 사이즈 의류,https://www.11st.co.kr/amazon/category?dispCtgr3No=1151102
3,1150142,여성 가방,1149941,가방,패션/잡화 > 가방 > 여성 가방,https://www.11st.co.kr/amazon/category?dispCtgr3No=1150142
3,1150143,여행용 가방/소품,1149941,가방,패션/잡화 > 가방 > 여행용 가방/소품,https://www.11st.co.kr/amazon/category?dispCtgr3No=1150143
3,1150140,가방 액세서리,1149941,가방,패션/잡화 > 가방 > 가방 액세서리,https://www.11st.co.kr/amazon/category?dispCtgr3No=1150140
3,1150151,캐주얼 가방,1149941,가방,패션/잡화 > 가방 > 캐주얼 가방,https://www.11st.co.kr/amazon/category?dispCtgr3No=1150151
3,1150141,남성 가방,1149941,가방,패션/잡화 > 가방 > 남성 가방,https://www.11st.co.kr/amazon/category?dispCtgr3No=1150141
3,1150146,보스턴 가방,1149941,가방,패션/잡화 > 가방 > 보스턴 가방,https://www.11st.co.kr/amazon/category?dispCtgr3No=1150146
3,1150148,여권케이스,1149941,가방,패션/잡화 > 가방 > 여권케이스,https://www.11st.co.kr/amazon/category?dispCtgr3No=1150148
3,1150147,여행 가방 세트,1149941,가방,패션/잡화 > 가방 > 여행 가방 세트,https://www.11st.co.kr/amazon/category?dispCtgr3No=1150147
3,1150145,소프트 캐리어,1149941,가방,패션/잡화 > 가방 > 소프트 캐리어,https://www.11st.co.kr/amazon/category?dispCtgr3No=1150145
3,1229127,수영/수상스포츠,1229119,스포츠의류,패션/잡화 > 스포츠의류 > 수영/수상스포츠,https://www.11st.co.kr/amazon/category?dispCtgr3No=1229127
3,1229126,상의,1229119,스포츠의류,패션/잡화 > 스포츠의류 > 상의,https://www.11st.co.kr/amazon/category?dispCtgr3No=1229126
3,1229131,자전거,1229119,스포츠의류,패션/잡화 > 스포츠의류 > 자전거,https://www.11st.co.kr/amazon/category?dispCtgr3No=1229131
3,1229128,스키/겨울스포츠,1229119,스포츠의류,패션/잡화 > 스포츠의류 > 스키/겨울스포츠,https://www.11st.co.kr/amazon/category?dispCtgr3No=1229128
3,1229134,하의/세트,1229119,스포츠의류,패션/잡화 > 스포츠의류 > 하의/세트,https://www.11st.co.kr/amazon/category?dispCtgr3No=1229134
3,1229135,헬스/요가,1229119,스포츠의류,패션/잡화 > 스포츠의류 > 헬스/요가,https://www.11st.co.kr/amazon/category?dispCtgr3No=1229135
3,1229122,기타 스포츠,1229119,스포츠의류,패션/잡화 > 스포츠의류 > 기타 스포츠,https://www.11st.co.kr/amazon/category?dispCtgr3No=1229122
3,1229129,야구,1229119,스포츠의류,패션/잡화 > 스포츠의류 > 야구,https://www.11st.co.kr/amazon/category?dispCtgr3No=1229129
3,1229133,축구,1229119,스포츠의류,패션/잡화 > 스포츠의류 > 축구,https://www.11st.co.kr/amazon/category?dispCtgr3No=1229133
3,1229130,언더웨어/브라탑,1229119,스포츠의류,패션/잡화 > 스포츠의류 > 언더웨어/브라탑,https://www.11st.co.kr/amazon/category?dispCtgr3No=1229130
3,1229132,재킷/점퍼/집업,1229119,스포츠의류,패션/잡화 > 스포츠의류 > 재킷/점퍼/집업,https://www.11st.co.kr/amazon/category?dispCtgr3No=1229132
3,1229120,검도/격투/무술,1229119,스포츠의류,패션/잡화 > 스포츠의류 > 검도/격투/무술,https://www.11st.co.kr/amazon/category?dispCtgr3No=1229120
3,1229124,메이저 스포츠,1229119,스포츠의류,패션/잡화 > 스포츠의류 > 메이저 스포츠,https://www.11st.co.kr/amazon/category?dispCtgr3No=1229124
3,1229123,등산복,1229119,스포츠의류,패션/잡화 > 스포츠의류 > 등산복,https://www.11st.co.kr/amazon/category?dispCtgr3No=1229123
3,1229121,골프,1229119,스포츠의류,패션/잡화 > 스포츠의류 > 골프,https://www.11st.co.kr/amazon/category?dispCtgr3No=1229121
3,1229125,발레,1229119,스포츠의류,패션/잡화 > 스포츠의류 > 발레,https://www.11st.co.kr/amazon/category?dispCtgr3No=1229125
3,1150116,여성 란제리,1149937,언더웨어/홈웨어,패션/잡화 > 언더웨어/홈웨어 > 여성 란제리,https://www.11st.co.kr/amazon/category?dispCtgr3No=1150116
3,1150118,여성 속옷,1149937,언더웨어/홈웨어,패션/잡화 > 언더웨어/홈웨어 > 여성 속옷,https://www.11st.co.kr/amazon/category?dispCtgr3No=1150118
3,1359070,캐릭터 속옷,1149937,언더웨어/홈웨어,패션/잡화 > 언더웨어/홈웨어 > 캐릭터 속옷,https://www.11st.co.kr/amazon/category?dispCtgr3No=1359070
3,1150115,내복/홈웨어,1149937,언더웨어/홈웨어,패션/잡화 > 언더웨어/홈웨어 > 내복/홈웨어,https://www.11st.co.kr/amazon/category?dispCtgr3No=1150115
3,1150114,남성속옷,1149937,언더웨어/홈웨어,패션/잡화 > 언더웨어/홈웨어 > 남성속옷,https://www.11st.co.kr/amazon/category?dispCtgr3No=1150114
3,1150117,여성 보정속옷,1149937,언더웨어/홈웨어,패션/잡화 > 언더웨어/홈웨어 > 여성 보정속옷,https://www.11st.co.kr/amazon/category?dispCtgr3No=1150117
3,1150160,모자,1149943,모자/장갑,패션/잡화 > 모자/장갑 > 모자,https://www.11st.co.kr/amazon/category?dispCtgr3No=1150160
3,1150161,장갑,1149943,모자/장갑,패션/잡화 > 모자/장갑 > 장갑,https://www.11st.co.kr/amazon/category?dispCtgr3No=1150161
3,1229112,러닝/워킹,1211988,스포츠신발,패션/잡화 > 스포츠신발 > 러닝/워킹,https://www.11st.co.kr/amazon/category?dispCtgr3No=1229112
3,1229117,테니스,1211988,스포츠신발,패션/잡화 > 스포츠신발 > 테니스,https://www.11st.co.kr/amazon/category?dispCtgr3No=1229117
3,1211989,기타스포츠,1211988,스포츠신발,패션/잡화 > 스포츠신발 > 기타스포츠,https://www.11st.co.kr/amazon/category?dispCtgr3No=1211989
3,1229115,배구/피구/족구,1211988,스포츠신발,패션/잡화 > 스포츠신발 > 배구/피구/족구,https://www.11st.co.kr/amazon/category?dispCtgr3No=1229115
3,1150168,안경/선글라스,1149946,안경/선글라스/소품,패션/잡화 > 안경/선글라스/소품 > 안경/선글라스,https://www.11st.co.kr/amazon/category?dispCtgr3No=1150168
3,1150167,소품,1149946,안경/선글라스/소품,패션/잡화 > 안경/선글라스/소품 > 소품,https://www.11st.co.kr/amazon/category?dispCtgr3No=1150167
3,1150153,넥타이/넥타이 소품,1149942,패션잡화 기타,패션/잡화 > 패션잡화 기타 > 넥타이/넥타이 소품,https://www.11st.co.kr/amazon/category?dispCtgr3No=1150153
3,1150159,기타 액세서리,1149942,패션잡화 기타,패션/잡화 > 패션잡화 기타 > 기타 액세서리,https://www.11st.co.kr/amazon/category?dispCtgr3No=1150159
3,1150154,손수건/스카프/머플러,1149942,패션잡화 기타,패션/잡화 > 패션잡화 기타 > 손수건/스카프/머플러,https://www.11st.co.kr/amazon/category?dispCtgr3No=1150154
3,1150152,기타 패션잡화,1149942,패션잡화 기타,패션/잡화 > 패션잡화 기타 > 기타 패션잡화,https://www.11st.co.kr/amazon/category?dispCtgr3No=1150152
3,1150155,패션 마스크,1149942,패션잡화 기타,패션/잡화 > 패션잡화 기타 > 패션 마스크,https://www.11st.co.kr/amazon/category?dispCtgr3No=1150155
3,1150157,귀마개,1149942,패션잡화 기타,패션/잡화 > 패션잡화 기타 > 귀마개,https://www.11st.co.kr/amazon/category?dispCtgr3No=1150157
3,1150158,넥워머,1149942,패션잡화 기타,패션/잡화 > 패션잡화 기타 > 넥워머,https://www.11st.co.kr/amazon/category?dispCtgr3No=1150158
3,1150173,여성 벨트,1149948,지갑/벨트,패션/잡화 > 지갑/벨트 > 여성 벨트,https://www.11st.co.kr/amazon/category?dispCtgr3No=1150173
3,1150175,남성 지갑,1149948,지갑/벨트,패션/잡화 > 지갑/벨트 > 남성 지갑,https://www.11st.co.kr/amazon/category?dispCtgr3No=1150175
3,1150174,여성 지갑,1149948,지갑/벨트,패션/잡화 > 지갑/벨트 > 여성 지갑,https://www.11st.co.kr/amazon/category?dispCtgr3No=1150174
3,1359092,캐릭터 지갑/벨트/멜빵,1149948,지갑/벨트,패션/잡화 > 지갑/벨트 > 캐릭터 지갑/벨트/멜빵,https://www.11st.co.kr/amazon/category?dispCtgr3No=1359092
3,1150171,남성 벨트,1149948,지갑/벨트,패션/잡화 > 지갑/벨트 > 남성 벨트,https://www.11st.co.kr/amazon/category?dispCtgr3No=1150171
3,1150163,양말,1149944,스타킹/양말,패션/잡화 > 스타킹/양말 > 양말,https://www.11st.co.kr/amazon/category?dispCtgr3No=1150163
3,1150162,스타킹,1149944,스타킹/양말,패션/잡화 > 스타킹/양말 > 스타킹,https://www.11st.co.kr/amazon/category?dispCtgr3No=1150162
3,1154007,기타 제품,1154006,기타 의류/잡화,패션/잡화 > 기타 의류/잡화 > 기타 제품,https://www.11st.co.kr/amazon/category?dispCtgr3No=1154007
3,1150170,우산/양산,1149947,우산/양산/우비,패션/잡화 > 우산/양산/우비 > 우산/양산,https://www.11st.co.kr/amazon/category?dispCtgr3No=1150170
3,1150169,우비/레인코트,1149947,우산/양산/우비,패션/잡화 > 우산/양산/우비 > 우비/레인코트,https://www.11st.co.kr/amazon/category?dispCtgr3No=1150169
3,1359096,캐릭터 우산/우비,1149947,우산/양산/우비,패션/잡화 > 우산/양산/우비 > 캐릭터 우산/우비,https://www.11st.co.kr/amazon/category?dispCtgr3No=1359096
3,1150182,임산부 의류,1149951,임산부의류/용품,패션/잡화 > 임산부의류/용품 > 임산부 의류,https://www.11st.co.kr/amazon/category?dispCtgr3No=1150182
3,1150181,임산부 속옷/잠옷,1149951,임산부의류/용품,패션/잡화 > 임산부의류/용품 > 임산부 속옷/잠옷,https://www.11st.co.kr/amazon/category?dispCtgr3No=1150181
